,Date,Close,Low,High,SMA20,SMA50,Buy_Signal,Sell_Signal,Portfolio_Value
49,2023-09-05,1211.800048828125,1206.2249755859375,1216.9749755859375,1245.2624938964843,1244.0895532226561,0,0,100000.0
50,2023-09-06,1214.3499755859375,1208.625,1218.074951171875,1243.2637451171875,1245.3426342773437,0,1,100000.0
51,2023-09-07,1216.0,1205.5,1219.125,1240.9337463378906,1246.6204077148439,0,0,100000.0
52,2023-09-08,1224.0999755859375,1211.4749755859375,1228.0,1238.7274963378907,1247.7551293945312,0,0,100000.0
53,2023-09-11,1237.300048828125,1226.0,1238.425048828125,1236.913751220703,1248.9623315429687,0,0,100000.0
54,2023-09-12,1219.425048828125,1217.9749755859375,1241.5,1233.4537536621094,1249.2079296875,0,0,100000.0
55,2023-09-13,1225.5250244140625,1213.125,1231.324951171875,1230.3512573242188,1249.8242749023439,0,0,100000.0
56,2023-09-14,1226.6500244140625,1222.5,1232.9000244140625,1228.2337585449218,1250.5023486328125,0,0,100000.0
57,2023-09-15,1228.925048828125,1224.75,1234.0,1225.760009765625,1250.7251953125,0,0,100000.0
58,2023-09-18,1218.2249755859375,1216.0250244140625,1225.5,1223.6712585449218,1250.7815747070313,0,0,100000.0
59,2023-09-20,1191.074951171875,1177.5,1213.800048828125,1220.240008544922,1249.3585717773437,0,0,100000.0
60,2023-09-21,1182.4000244140625,1180.0,1195.050048828125,1216.3050109863282,1247.4884008789063,0,0,100000.0
61,2023-09-22,1177.4749755859375,1175.0,1191.2249755859375,1213.1837585449218,1245.4915771484375,0,0,100000.0
62,2023-09-25,1170.2249755859375,1167.550048828125,1180.3499755859375,1209.9862548828125,1243.5781958007813,0,0,100000.0
63,2023-09-26,1171.25,1167.800048828125,1175.0999755859375,1207.4550048828125,1241.70654296875,0,0,100000.0
64,2023-09-27,1184.449951171875,1169.25,1185.9000244140625,1206.16875,1239.5820092773438,0,0,100000.0
65,2023-09-28,1167.050048828125,1162.5,1191.5,1204.070001220703,1236.8902661132813,0,0,100000.0
66,2023-09-29,1172.5,1167.050048828125,1184.550048828125,1202.520001220703,1234.11,0,0,100000.0
67,2023-10-03,1159.074951171875,1158.0,1167.800048828125,1200.1575012207031,1231.092998046875,0,0,100000.0
68,2023-10-04,1157.074951171875,1147.550048828125,1159.5,1197.74375,1228.8469970703125,0,0,100000.0
69,2023-10-05,1157.050048828125,1154.5,1164.699951171875,1195.00625,1227.1139990234376,0,0,100000.0
70,2023-10-06,1159.0,1156.0250244140625,1162.4000244140625,1192.238751220703,1225.4359985351562,0,0,100000.0
71,2023-10-09,1149.125,1147.5,1155.9749755859375,1188.895001220703,1223.1564990234374,0,0,100000.0
72,2023-10-10,1154.199951171875,1151.875,1158.949951171875,1185.4,1221.2134985351563,0,0,100000.0
73,2023-10-11,1172.5250244140625,1156.5,1174.8499755859375,1182.1612487792968,1219.385498046875,0,0,100000.0
74,2023-10-12,1174.699951171875,1169.074951171875,1179.675048828125,1179.9249938964845,1217.3869970703124,0,0,100000.0
75,2023-10-13,1174.6500244140625,1164.574951171875,1178.75,1177.3812438964844,1215.747998046875,0,0,100000.0
76,2023-10-16,1172.0250244140625,1168.0,1177.2750244140625,1174.6499938964844,1214.3249975585939,0,0,100000.0
77,2023-10-17,1177.625,1170.6500244140625,1179.8499755859375,1172.0849914550781,1213.1184985351563,0,0,100000.0
78,2023-10-18,1162.0,1160.5,1183.5,1169.2737426757812,1211.262998046875,0,0,100000.0
79,2023-10-19,1153.074951171875,1150.5,1160.9000244140625,1167.3737426757812,1209.08599609375,0,0,100000.0
80,2023-10-20,1149.550048828125,1148.1500244140625,1157.3499755859375,1165.7312438964843,1206.990498046875,0,0,100000.0
81,2023-10-23,1131.5999755859375,1127.625,1153.125,1163.4374938964843,1204.370498046875,0,0,100000.0
82,2023-10-25,1128.9749755859375,1121.5,1140.5999755859375,1161.3749938964843,1201.585498046875,0,0,100000.0
83,2023-10-26,1113.25,1110.1500244140625,1129.0,1158.4749938964844,1198.3789990234375,0,0,100000.0
84,2023-10-27,1132.9000244140625,1117.9749755859375,1136.75,1155.8974975585938,1195.2644995117187,0,0,100000.0
85,2023-10-30,1156.25,1134.9749755859375,1162.5,1155.3574951171875,1192.6380004882812,0,0,100000.0
86,2023-10-31,1143.949951171875,1141.449951171875,1164.0,1153.9299926757812,1190.1369995117188,0,0,100000.0
87,2023-11-01,1148.699951171875,1137.5999755859375,1158.75,1153.4112426757813,1187.542998046875,0,0,100000.0
88,2023-11-02,1160.0999755859375,1153.9749755859375,1162.1500244140625,1153.5624938964843,1185.5449975585936,0,0,100000.0
89,2023-11-03,1159.8499755859375,1157.875,1167.4749755859375,1153.702490234375,1183.547998046875,0,0,100000.0
90,2023-11-06,1169.5,1162.800048828125,1170.0,1154.227490234375,1181.7159985351564,0,0,100000.0
91,2023-11-07,1161.9000244140625,1159.7750244140625,1169.550048828125,1154.8662414550781,1180.1559985351562,0,0,100000.0
92,2023-11-08,1167.949951171875,1160.875,1170.5,1155.5537414550781,1178.8314965820311,0,0,100000.0
93,2023-11-09,1155.2750244140625,1152.0999755859375,1167.949951171875,1154.6912414550782,1177.4994970703126,0,0,100000.0
94,2023-11-10,1157.449951171875,1149.0250244140625,1158.175048828125,1153.8287414550782,1176.4449951171875,0,0,100000.0
95,2023-11-13,1157.300048828125,1155.8499755859375,1162.300048828125,1152.9612426757812,1175.4104956054687,0,0,100000.0
96,2023-11-15,1178.2249755859375,1163.5,1180.9749755859375,1153.271240234375,1174.9049951171876,0,0,100000.0
97,2023-11-16,1180.3499755859375,1173.4749755859375,1187.074951171875,1153.407489013672,1174.3854956054688,0,0,100000.0
98,2023-11-17,1177.7750244140625,1176.0250244140625,1186.625,1154.196240234375,1173.8339965820312,0,0,100000.0
99,2023-11-20,1174.675048828125,1168.199951171875,1179.199951171875,1155.2762451171875,1173.0914965820311,0,0,100000.0
100,2023-11-21,1189.449951171875,1180.0999755859375,1194.0,1157.271240234375,1172.59349609375,0,0,100000.0
101,2023-11-22,1194.0999755859375,1186.0999755859375,1197.2249755859375,1160.396240234375,1172.1554956054688,0,0,100000.0
102,2023-11-23,1197.75,1194.0999755859375,1200.0,1163.8349914550781,1171.62849609375,0,0,100000.0
103,2023-11-24,1196.949951171875,1195.5250244140625,1201.300048828125,1168.0199890136719,1170.821494140625,0,0,100000.0
104,2023-11-28,1197.199951171875,1187.625,1199.8499755859375,1171.2349853515625,1170.3769921875,1,0,100000.0
105,2023-11-29,1200.3499755859375,1199.0250244140625,1205.9749755859375,1173.4399841308593,1169.8734912109376,0,0,100264.60205078125
106,2023-11-30,1188.7249755859375,1184.949951171875,1200.3499755859375,1175.6787353515624,1169.114990234375,0,0,99288.10205078125
107,2023-12-01,1197.1500244140625,1188.800048828125,1198.199951171875,1178.1012390136718,1168.4794897460938,0,0,99995.80615234375
108,2023-12-04,1210.0999755859375,1199.300048828125,1225.0,1180.6012390136718,1168.3169897460937,0,0,101083.60205078125
109,2023-12-05,1218.875,1210.824951171875,1220.425048828125,1183.552490234375,1168.8729907226561,0,0,101820.7041015625
110,2023-12-06,1230.550048828125,1217.5,1236.4749755859375,1186.6049926757812,1169.8359912109374,0,0,102801.408203125
111,2023-12-07,1228.5250244140625,1221.0,1230.4749755859375,1189.9362426757812,1170.8569921875,0,0,102631.30615234375
112,2023-12-08,1227.875,1222.5,1238.3499755859375,1192.9324951171875,1172.0099926757812,0,0,102576.7041015625
113,2023-12-11,1229.675048828125,1226.199951171875,1233.800048828125,1196.6524963378906,1173.1784936523438,0,0,102727.908203125
114,2023-12-12,1212.0250244140625,1210.074951171875,1232.4749755859375,1199.38125,1173.7299951171874,0,0,101245.30615234375
115,2023-12-13,1216.9749755859375,1203.1500244140625,1219.175048828125,1202.3649963378907,1174.7284936523438,0,0,101661.10205078125
116,2023-12-14,1232.074951171875,1221.324951171875,1237.4749755859375,1205.0574951171875,1175.9199926757813,0,0,102929.5
117,2023-12-15,1247.800048828125,1235.0250244140625,1250.0,1208.429998779297,1177.6944946289063,0,0,104250.408203125
118,2023-12-18,1260.5,1245.4749755859375,1267.449951171875,1212.5662475585937,1179.7629956054689,0,0,105317.2041015625
119,2023-12-19,1279.050048828125,1262.5999755859375,1286.949951171875,1217.7849975585937,1182.2029956054687,0,0,106875.408203125
120,2023-12-20,1263.574951171875,1260.0,1299.425048828125,1221.4912475585938,1184.2944946289062,0,0,105575.5
121,2023-12-21,1281.2750244140625,1259.125,1286.75,1225.85,1186.9374951171876,0,0,107062.30615234375
122,2023-12-22,1282.5250244140625,1273.824951171875,1290.449951171875,1230.0887512207032,1189.5039965820313,0,0,107167.30615234375
123,2023-12-26,1289.0250244140625,1281.3499755859375,1295.9749755859375,1234.6925048828125,1191.8339965820312,0,0,107713.30615234375
124,2023-12-27,1293.425048828125,1286.550048828125,1299.949951171875,1239.503759765625,1194.2084985351562,0,0,108082.908203125
125,2023-12-28,1302.7750244140625,1293.425048828125,1306.0,1244.6250122070312,1196.7709985351562,0,0,108868.30615234375
126,2023-12-29,1292.4749755859375,1289.6500244140625,1307.0,1249.8125122070312,1199.1799975585936,0,0,108003.10205078125
127,2024-01-01,1295.125,1286.574951171875,1303.425048828125,1254.7112609863282,1201.5299975585938,0,0,108225.7041015625
128,2024-01-02,1305.8499755859375,1286.5,1307.5,1259.498760986328,1204.4069970703124,0,0,109126.60205078125
129,2024-01-03,1291.6500244140625,1288.5999755859375,1317.0,1263.1375122070312,1207.1784985351562,0,0,107933.80615234375
130,2024-01-04,1298.324951171875,1289.550048828125,1304.925048828125,1266.5262573242187,1210.1539965820311,0,0,108494.5
131,2024-01-05,1303.8499755859375,1299.0,1309.925048828125,1270.2925048828124,1213.5989965820313,0,0,108958.60205078125
132,2024-01-08,1293.675048828125,1284.4749755859375,1315.9749755859375,1273.5825073242188,1216.892998046875,0,0,108103.908203125
133,2024-01-09,1290.25,1288.5999755859375,1303.4000244140625,1276.6112548828125,1220.432998046875,0,0,107816.2041015625
134,2024-01-10,1325.050048828125,1287.5250244140625,1329.5,1282.2625061035155,1224.2759985351563,0,0,110739.408203125
135,2024-01-11,1359.9000244140625,1328.5,1362.5,1289.408758544922,1228.3489990234375,0,0,113666.80615234375
136,2024-01-12,1370.7249755859375,1345.75,1373.324951171875,1296.341259765625,1232.8844995117188,0,0,114576.10205078125
137,2024-01-15,1394.125,1366.0,1396.449951171875,1303.6575073242188,1237.7930004882812,0,0,116541.7041015625
138,2024-01-16,1374.625,1370.5,1396.300048828125,1309.3637573242188,1242.0835009765624,0,0,114903.7041015625
139,2024-01-17,1361.574951171875,1355.0250244140625,1386.2750244140625,1313.4900024414062,1246.1180004882813,0,0,113807.5
140,2024-01-18,1367.949951171875,1351.25,1371.0,1318.7087524414062,1250.0869995117187,0,0,114343.0
141,2024-01-19,1367.449951171875,1359.0,1376.0,1323.0174987792968,1254.197998046875,0,0,114301.0
142,2024-01-23,1328.574951171875,1322.550048828125,1371.75,1325.3199951171875,1257.410498046875,0,0,111035.5
143,2024-01-24,1343.875,1323.925048828125,1349.5,1328.0624938964843,1261.1824975585937,0,0,112320.7041015625
144,2024-01-25,1353.074951171875,1335.199951171875,1364.1500244140625,1331.044989013672,1265.0949975585938,0,0,113093.5
145,2024-01-29,1448.050048828125,1360.175048828125,1452.5,1338.308740234375,1270.9099975585937,0,0,121071.408203125
146,2024-01-30,1407.625,1404.425048828125,1459.9749755859375,1344.0662414550782,1275.497998046875,0,0,117675.7041015625
147,2024-01-31,1426.625,1402.5,1434.25,1350.6412414550782,1280.4234985351563,0,0,119271.7041015625
148,2024-02-01,1426.6500244140625,1418.050048828125,1443.3499755859375,1356.6812438964844,1285.4009985351563,0,0,119273.80615234375
149,2024-02-02,1457.699951171875,1433.175048828125,1474.9000244140625,1364.983740234375,1291.0614965820312,0,0,121882.0
150,2024-02-05,1439.0250244140625,1431.5250244140625,1470.5,1372.0187438964845,1296.052998046875,0,0,120313.30615234375
151,2024-02-06,1427.800048828125,1419.824951171875,1441.8499755859375,1378.2162475585938,1300.7269995117188,0,0,119370.408203125
152,2024-02-07,1442.1500244140625,1429.25,1449.5,1385.6399963378906,1305.615,0,0,120575.80615234375
153,2024-02-08,1450.125,1427.5250244140625,1459.4749755859375,1393.6337463378907,1310.6785009765624,0,0,121245.7041015625
154,2024-02-09,1460.75,1450.949951171875,1471.9749755859375,1400.4187438964843,1315.949501953125,0,0,122138.2041015625
155,2024-02-12,1452.3499755859375,1442.3499755859375,1461.0,1405.041241455078,1320.989501953125,0,0,121432.60205078125
156,2024-02-13,1465.0999755859375,1454.0,1479.0,1409.759991455078,1326.517001953125,0,0,122503.60205078125
157,2024-02-14,1481.375,1457.5,1483.6500244140625,1414.122491455078,1332.2015014648437,0,0,123870.7041015625
158,2024-02-15,1470.5999755859375,1466.5250244140625,1484.7249755859375,1418.921240234375,1337.4115014648437,0,0,122965.60205078125
159,2024-02-16,1460.574951171875,1458.550048828125,1477.0,1423.871240234375,1342.2455004882813,0,0,122123.5
160,2024-02-19,1474.0,1453.5250244140625,1479.5,1429.1737426757813,1347.1144995117188,0,0,123251.2041015625
161,2024-02-20,1471.0250244140625,1461.800048828125,1475.5,1434.3524963378907,1351.9644995117187,0,0,123001.30615234375
162,2024-02-21,1467.699951171875,1457.550048828125,1488.5250244140625,1441.3087463378906,1356.7609985351562,0,0,122722.0
163,2024-02-22,1481.75,1458.0,1484.949951171875,1448.2024963378906,1361.8024975585938,0,0,123902.2041015625
164,2024-02-23,1493.625,1483.3499755859375,1497.550048828125,1455.229998779297,1367.4344970703125,0,0,124899.7041015625
165,2024-02-26,1487.324951171875,1482.5,1494.5250244140625,1457.1937438964844,1372.8414965820311,0,0,124370.5
166,2024-02-27,1485.6500244140625,1478.050048828125,1499.949951171875,1461.0949951171874,1377.912998046875,0,0,124229.80615234375
167,2024-02-28,1455.625,1450.175048828125,1491.2750244140625,1462.5449951171875,1382.0694970703125,0,0,121707.7041015625
168,2024-02-29,1460.800048828125,1454.5250244140625,1478.9749755859375,1464.2524963378905,1386.075498046875,0,0,122142.408203125
169,2024-03-01,1492.125,1462.5,1500.0,1465.9737487792968,1390.3369970703125,0,0,124773.7041015625
170,2024-03-04,1507.4000244140625,1487.2249755859375,1512.449951171875,1469.3924987792968,1395.2134985351563,0,0,126056.80615234375
171,2024-03-05,1500.199951171875,1486.050048828125,1507.4000244140625,1473.0124938964843,1399.5919970703126,0,0,125452.0
172,2024-03-06,1503.0,1478.5,1509.0,1476.0549926757812,1404.0014965820312,0,0,125687.2041015625
173,2024-03-07,1478.925048828125,1475.550048828125,1503.0999755859375,1477.4949951171875,1407.7994970703126,0,0,123664.908203125
174,2024-03-11,1466.5999755859375,1463.5,1489.0,1477.7874938964844,1411.2629956054689,0,0,122629.60205078125
175,2024-03-12,1475.425048828125,1465.0250244140625,1488.0,1478.9412475585937,1414.71599609375,0,0,123370.908203125
176,2024-03-13,1432.175048828125,1427.7750244140625,1483.0999755859375,1477.2950012207032,1417.5099975585938,0,0,119737.908203125
177,2024-03-14,1431.4749755859375,1425.5,1448.5250244140625,1474.8,1420.2369970703126,0,0,119679.10205078125
178,2024-03-15,1418.2249755859375,1412.9000244140625,1433.2249755859375,1472.18125,1422.4844970703125,0,0,118566.10205078125
179,2024-03-18,1439.4749755859375,1416.5250244140625,1441.7249755859375,1471.1262512207031,1425.44099609375,0,0,120351.10205078125
180,2024-03-19,1425.25,1417.25,1437.5999755859375,1468.6887512207031,1427.9794970703124,0,0,119156.2041015625
181,2024-03-20,1443.75,1424.0250244140625,1445.0,1467.325,1430.7774975585937,0,0,120710.2041015625
182,2024-03-21,1450.9749755859375,1444.675048828125,1457.9000244140625,1466.488751220703,1433.92349609375,0,0,121317.10205078125
183,2024-03-22,1455.0250244140625,1447.3499755859375,1460.0,1465.1525024414063,1437.2189965820312,0,0,121657.30615234375
184,2024-03-26,1441.574951171875,1439.0,1452.4000244140625,1462.55,1439.5494946289064,0,0,120527.5
185,2024-03-27,1492.8499755859375,1447.0,1500.0,1462.8262512207032,1442.2084936523438,0,0,124834.60205078125
186,2024-03-28,1485.8499755859375,1478.6500244140625,1505.949951171875,1462.836248779297,1444.5109936523438,0,0,124246.60205078125
187,2024-04-01,1484.7750244140625,1482.5,1493.9749755859375,1464.29375,1446.323994140625,0,0,124156.30615234375
188,2024-04-02,1486.949951171875,1475.0,1494.0,1465.6012451171875,1448.5704931640626,0,0,124339.0
189,2024-04-03,1471.5999755859375,1468.9000244140625,1484.449951171875,1464.5749938964843,1450.7709936523438,0,0,123049.60205078125
190,2024-04-04,1462.925048828125,1450.0,1479.75,1462.3512451171875,1452.6704956054687,0,0,122320.908203125
191,2024-04-05,1460.0999755859375,1456.0,1470.800048828125,1460.3462463378905,1454.52349609375,0,0,122083.60205078125
192,2024-04-08,1485.9749755859375,1461.0,1490.9749755859375,1459.4949951171875,1457.6714965820313,0,0,124257.10205078125
193,2024-04-09,1463.6500244140625,1462.5,1489.800048828125,1458.7312438964843,1460.0669970703125,0,1,122381.80615234375
194,2024-04-10,1479.574951171875,1466.3499755859375,1487.0,1459.3799926757813,1462.5969970703125,0,0,124578.408203125
195,2024-04-12,1467.1500244140625,1463.074951171875,1486.4749755859375,1458.966241455078,1462.9789965820312,0,0,124578.408203125
196,2024-04-15,1464.824951171875,1446.324951171875,1482.125,1460.5987365722656,1464.1229956054688,0,0,124578.408203125
197,2024-04-16,1465.75,1450.925048828125,1471.175048828125,1462.3124877929688,1464.9054956054688,0,0,124578.408203125
198,2024-04-18,1464.324951171875,1459.3499755859375,1486.0,1464.6174865722655,1465.658994140625,0,0,124578.408203125
199,2024-04-19,1470.125,1443.0250244140625,1474.0,1466.1499877929687,1465.9074951171874,1,0,124578.408203125
200,2024-04-22,1479.8499755859375,1467.800048828125,1482.824951171875,1468.8799865722656,1466.723994140625,0,0,125414.75610351562
201,2024-04-23,1459.324951171875,1455.550048828125,1493.5,1469.6587341308593,1467.3544921875,0,0,123649.60400390625
202,2024-04-24,1450.175048828125,1449.5,1468.550048828125,1469.6187377929687,1467.5149926757813,0,0,122862.71240234375
203,2024-04-25,1459.9749755859375,1441.5,1467.9749755859375,1469.8662353515624,1467.7119921875,0,0,123705.50610351562
204,2024-04-26,1452.550048828125,1450.0,1465.0,1470.414990234375,1467.5479931640625,0,0,123066.96240234375
205,2024-04-29,1465.0250244140625,1450.0,1467.9000244140625,1469.0237426757812,1467.801494140625,0,0,124139.81030273438
206,2024-04-30,1467.0,1462.875,1483.074951171875,1468.0812438964845,1467.8394946289063,0,0,124309.658203125
207,2024-05-02,1466.550048828125,1464.125,1477.324951171875,1467.1699951171875,1467.5429956054688,0,1,124270.96240234375
208,2024-05-03,1434.0,1416.1500244140625,1474.949951171875,1464.5224975585938,1466.81099609375,0,0,125197.60400390625
209,2024-05-06,1419.5250244140625,1418.0,1440.0,1461.91875,1465.9899975585938,0,0,125197.60400390625
210,2024-05-07,1401.4749755859375,1392.0,1420.75,1458.8462463378905,1464.5394970703126,0,0,125197.60400390625
211,2024-05-08,1418.550048828125,1397.5,1432.949951171875,1456.76875,1463.4899975585938,0,0,125197.60400390625
212,2024-05-09,1394.125,1390.0,1423.75,1452.176251220703,1462.0184985351561,0,0,125197.60400390625
213,2024-05-10,1407.425048828125,1388.074951171875,1410.0,1449.3650024414062,1460.5319995117188,0,0,125197.60400390625
214,2024-05-13,1402.699951171875,1384.0,1406.9749755859375,1445.5212524414062,1458.7134985351563,0,0,125197.60400390625
215,2024-05-14,1420.074951171875,1400.0250244140625,1427.074951171875,1443.167498779297,1457.3684985351563,0,0,125197.60400390625
216,2024-05-15,1416.2750244140625,1413.0250244140625,1429.9749755859375,1440.7400024414062,1455.9809985351562,0,0,125197.60400390625
217,2024-05-16,1425.3499755859375,1398.0250244140625,1427.5,1438.7200012207031,1455.375498046875,0,0,125197.60400390625
218,2024-05-17,1435.699951171875,1413.25,1437.199951171875,1437.288751220703,1454.87349609375,0,0,125197.60400390625
219,2024-05-21,1436.125,1425.5999755859375,1441.824951171875,1435.5887512207032,1453.75349609375,0,0,125197.60400390625
220,2024-05-22,1460.6500244140625,1436.2750244140625,1468.7750244140625,1434.6287536621094,1452.81849609375,0,0,125197.60400390625
221,2024-05-23,1486.050048828125,1455.0,1492.2249755859375,1435.9650085449218,1452.535498046875,0,0,125197.60400390625
222,2024-05-24,1480.25,1476.0999755859375,1488.5,1437.4687561035157,1452.080498046875,0,0,125197.60400390625
223,2024-05-27,1466.25,1461.550048828125,1484.9000244140625,1437.7825073242188,1451.8269970703125,0,0,125197.60400390625
224,2024-05-28,1456.199951171875,1452.75,1478.5,1437.9650024414063,1451.6189965820313,0,0,125197.60400390625
225,2024-05-29,1440.7750244140625,1438.449951171875,1458.0,1436.7525024414062,1450.92599609375,0,0,125197.60400390625
226,2024-05-30,1424.8499755859375,1420.0999755859375,1440.4000244140625,1434.645001220703,1450.7794946289061,0,0,125197.60400390625
227,2024-05-31,1430.4000244140625,1422.25,1442.25,1432.8375,1450.7579956054688,0,0,125197.60400390625
228,2024-06-03,1510.324951171875,1459.0,1514.5,1436.6537475585938,1452.5999951171875,0,0,125197.60400390625
229,2024-06-04,1397.2750244140625,1359.300048828125,1498.050048828125,1435.5412475585938,1451.75599609375,0,0,125197.60400390625
230,2024-06-05,1420.75,1384.0999755859375,1431.1500244140625,1436.5049987792968,1451.66599609375,0,0,125197.60400390625
231,2024-06-06,1431.5999755859375,1421.3499755859375,1443.699951171875,1437.1574951171874,1451.4229956054687,0,0,125197.60400390625
232,2024-06-07,1469.949951171875,1426.5,1472.0,1440.9487426757812,1451.8024951171874,0,0,125197.60400390625
233,2024-06-10,1471.4000244140625,1468.074951171875,1493.3499755859375,1444.1474914550781,1452.1299951171875,0,0,125197.60400390625
234,2024-06-11,1456.675048828125,1454.675048828125,1473.675048828125,1446.8462463378905,1452.4319970703125,0,0,125197.60400390625
235,2024-06-12,1463.324951171875,1455.175048828125,1476.0,1449.0087463378907,1451.8414965820311,0,0,125197.60400390625
236,2024-06-13,1465.25,1460.0999755859375,1472.25,1451.4574951171876,1451.4294970703124,1,0,125197.60400390625
237,2024-06-14,1477.550048828125,1457.2249755859375,1479.675048828125,1454.0674987792968,1451.2849975585937,0,0,126243.10815429688
238,2024-06-18,1481.0250244140625,1471.3499755859375,1487.4000244140625,1456.3337524414062,1451.1664990234376,0,0,126538.48107910156
239,2024-06-19,1458.6500244140625,1456.0,1487.5,1457.4600036621093,1450.9075,0,0,124636.60607910156
240,2024-06-20,1473.699951171875,1450.0999755859375,1482.8499755859375,1458.1125,1451.122998046875,0,0,125915.84985351562
241,2024-06-21,1454.199951171875,1440.574951171875,1474.699951171875,1456.5199951171876,1451.0049975585937,0,0,124258.34985351562
242,2024-06-24,1441.4749755859375,1437.5,1449.5,1454.5812438964845,1450.1149975585938,0,0,123176.72692871094
243,2024-06-25,1454.1500244140625,1441.0,1455.925048828125,1453.9762451171875,1449.9249975585938,0,0,124254.10607910156
244,2024-06-26,1514.0250244140625,1445.125,1518.9749755859375,1456.867498779297,1450.6139990234376,0,0,129343.48107910156
245,2024-06-27,1530.550048828125,1506.0,1537.5,1461.35625,1451.8819995117187,0,0,130748.10815429688
246,2024-06-28,1565.4000244140625,1531.0250244140625,1581.0,1468.3837524414062,1453.8935009765626,0,0,133710.35607910156
247,2024-07-01,1560.1500244140625,1555.675048828125,1579.4000244140625,1474.8712524414063,1455.7815014648438,0,0,133264.10607910156
248,2024-07-02,1565.175048828125,1557.0,1573.5,1477.6137573242188,1457.7985034179687,0,0,133691.23315429688
249,2024-07-03,1552.425048828125,1542.7750244140625,1575.0,1485.3712585449218,1459.4445043945314,0,0,132607.48315429688
250,2024-07-04,1554.0250244140625,1550.800048828125,1567.5,1492.035009765625,1460.9280053710938,0,0,132743.48107910156
251,2024-07-05,1588.625,1548.0,1598.5,1499.8862609863281,1463.5140063476563,0,0,135684.47900390625
252,2024-07-08,1600.9000244140625,1582.5250244140625,1608.800048828125,1506.4337646484375,1466.528505859375,0,0,136727.85607910156
253,2024-07-09,1590.2750244140625,1580.5,1600.5,1512.3775146484375,1469.1345068359376,0,0,135824.73107910156
254,2024-07-10,1584.2249755859375,1563.1500244140625,1597.5,1518.7550109863282,1471.7680053710938,0,0,135310.47692871094
255,2024-07-11,1580.6500244140625,1570.5,1604.25,1524.6212646484375,1474.0805053710938,0,0,135006.60607910156
256,2024-07-12,1596.7249755859375,1574.5,1605.1500244140625,1531.1950134277345,1476.6750048828126,0,0,136372.97692871094
257,2024-07-15,1597.2249755859375,1585.5,1605.8499755859375,1537.178759765625,1479.2885034179687,0,0,136415.47692871094
258,2024-07-16,1576.25,1569.125,1600.0,1541.940008544922,1482.1335034179688,0,0,134632.60400390625
259,2024-07-18,1586.675048828125,1557.824951171875,1593.9000244140625,1548.341259765625,1485.47650390625,0,0,135518.73315429688
260,2024-07-19,1555.1500244140625,1552.800048828125,1589.9749755859375,1552.4137634277345,1488.5500048828126,0,0,132839.10607910156
261,2024-07-22,1500.675048828125,1499.2750244140625,1537.5,1554.7375183105469,1490.1925048828125,0,0,128208.73315429688
262,2024-07-23,1487.9000244140625,1463.0,1505.75,1557.058770751953,1492.0680053710937,0,0,127122.85607910156
263,2024-07-24,1495.699951171875,1476.4000244140625,1509.5,1559.1362670898438,1493.8335034179688,0,0,127785.84985351562
264,2024-07-25,1492.4000244140625,1477.074951171875,1500.4749755859375,1558.0550170898437,1495.6275048828124,0,0,127505.35607910156
265,2024-07-26,1509.0250244140625,1490.3499755859375,1512.425048828125,1556.9787658691407,1497.4065063476562,0,0,128918.48107910156
266,2024-07-29,1520.0999755859375,1511.7750244140625,1527.5,1554.7137634277344,1499.4830053710937,0,0,129859.85192871094
267,2024-07-30,1513.1500244140625,1510.0,1525.0,1552.3637634277343,1501.2390063476562,0,0,129269.10607910156
268,2024-07-31,1505.425048828125,1501.1500244140625,1510.449951171875,1549.3762634277343,1502.6335083007812,0,0,128612.48315429688
269,2024-08-01,1515.300048828125,1504.300048828125,1518.0,1547.5200134277343,1504.2170092773438,0,0,129451.85815429688
270,2024-08-02,1499.324951171875,1493.2750244140625,1509.324951171875,1544.785009765625,1504.9905078125,0,0,128093.97485351562
271,2024-08-05,1447.324951171875,1433.25,1483.9000244140625,1537.7200073242188,1504.216005859375,0,0,123673.97485351562
272,2024-08-06,1456.050048828125,1451.324951171875,1477.5,1530.4775085449219,1503.7320068359375,0,0,124415.60815429688
273,2024-08-07,1464.824951171875,1461.5,1472.5,1524.2050048828125,1503.703505859375,0,0,125161.47485351562
274,2024-08-08,1449.125,1445.925048828125,1465.0,1517.4500061035155,1503.5620068359376,0,0,123826.97900390625
275,2024-08-09,1474.300048828125,1456.0,1476.5,1512.1325073242188,1504.2325073242187,0,0,125966.85815429688
276,2024-08-12,1460.625,1457.75,1473.0,1505.3275085449218,1504.9480078125,0,0,124804.47900390625
277,2024-08-13,1463.625,1458.0,1470.074951171875,1498.647509765625,1505.6125073242188,0,1,125059.47900390625
278,2024-08-14,1461.8499755859375,1453.699951171875,1472.0,1492.927508544922,1504.6430078125,0,0,125607.72485351562
279,2024-08-16,1478.199951171875,1458.050048828125,1480.4000244140625,1487.5037536621094,1506.2615063476562,0,0,125607.72485351562
280,2024-08-19,1488.4000244140625,1480.5,1498.300048828125,1484.1662536621093,1507.6145068359374,0,0,125607.72485351562
281,2024-08-20,1495.949951171875,1490.0250244140625,1503.925048828125,1483.929998779297,1508.9015063476563,0,0,125607.72485351562
282,2024-08-21,1498.675048828125,1490.0,1507.875,1484.46875,1509.4760083007814,0,0,125607.72485351562
283,2024-08-22,1498.125,1490.6500244140625,1506.5,1484.5900024414063,1510.0105078125,0,0,125607.72485351562
284,2024-08-23,1499.9749755859375,1498.425048828125,1511.324951171875,1484.96875,1510.8765063476562,0,0,125607.72485351562
285,2024-08-26,1512.5999755859375,1503.0,1523.0,1485.1474975585938,1511.8620068359376,0,0,125607.72485351562
286,2024-08-27,1500.449951171875,1499.449951171875,1513.4749755859375,1484.1649963378907,1512.566005859375,0,0,125607.72485351562
287,2024-08-28,1498.300048828125,1493.0,1507.4749755859375,1483.4224975585937,1512.981005859375,0,0,125607.72485351562
288,2024-08-29,1520.925048828125,1494.0,1537.0,1484.1974975585938,1513.7790063476561,0,0,125607.72485351562
289,2024-08-30,1509.625,1503.324951171875,1539.7249755859375,1483.9137451171875,1514.798505859375,0,0,125607.72485351562
290,2024-09-02,1516.25,1506.625,1526.800048828125,1484.7599975585938,1515.6495068359375,0,0,125607.72485351562
291,2024-09-03,1509.125,1507.5,1523.0,1487.85,1516.7480078125,0,0,125607.72485351562
292,2024-09-04,1514.550048828125,1499.5,1517.5,1490.775,1518.2095092773438,0,0,125607.72485351562
293,2024-09-05,1492.9749755859375,1487.050048828125,1525.7750244140625,1492.1825012207032,1518.9860083007814,0,0,125607.72485351562
294,2024-09-06,1464.824951171875,1461.625,1497.0,1492.9674987792969,1518.0020068359374,0,0,125607.72485351562
295,2024-09-09,1462.449951171875,1455.5999755859375,1469.925048828125,1492.3749938964843,1516.6400048828125,0,0,125607.72485351562
296,2024-09-10,1461.5250244140625,1457.574951171875,1472.050048828125,1492.4199951171875,1514.5625048828124,0,0,125607.72485351562
297,2024-09-11,1451.5,1447.550048828125,1468.75,1491.8137451171874,1512.3895043945313,0,0,125607.72485351562
298,2024-09-12,1479.800048828125,1445.875,1486.0,1492.711248779297,1510.6820043945313,0,0,125607.72485351562
299,2024-09-13,1472.625,1469.5,1483.1500244140625,1492.4325012207032,1509.0860034179686,0,0,125607.72485351562
300,2024-09-16,1471.3499755859375,1464.75,1480.9000244140625,1491.5799987792968,1507.4325024414063,0,0,125607.72485351562
301,2024-09-17,1472.300048828125,1466.625,1477.4749755859375,1490.3975036621093,1505.1060034179689,0,0,125607.72485351562
302,2024-09-18,1463.449951171875,1460.550048828125,1482.0,1488.636248779297,1502.357001953125,0,0,125607.72485351562
303,2024-09-19,1469.675048828125,1455.550048828125,1476.5,1487.2137512207032,1499.9450024414064,0,0,125607.72485351562
304,2024-09-20,1485.925048828125,1471.375,1495.0,1486.5112548828124,1497.97900390625,0,0,125607.72485351562
305,2024-09-23,1493.375,1488.949951171875,1501.5,1485.5500061035157,1496.2335034179687,0,0,125607.72485351562
306,2024-09-24,1489.375,1487.875,1500.5,1484.9962585449218,1494.08650390625,0,0,125607.72485351562
307,2024-09-25,1493.949951171875,1480.199951171875,1496.5,1484.7787536621095,1492.0210034179688,0,0,125607.72485351562
308,2024-09-26,1497.949951171875,1488.050048828125,1504.0,1483.6299987792968,1490.4550024414064,0,0,125607.72485351562
309,2024-09-27,1526.175048828125,1492.0,1533.4749755859375,1484.457501220703,1489.2450024414063,0,0,125607.72485351562
310,2024-09-30,1476.574951171875,1474.4000244140625,1524.9749755859375,1482.4737487792968,1487.6735009765625,0,0,125607.72485351562
311,2024-10-01,1464.824951171875,1462.824951171875,1487.949951171875,1480.2587463378907,1486.9564990234376,0,0,125607.72485351562
312,2024-10-03,1406.9749755859375,1402.074951171875,1449.4000244140625,1474.8799926757813,1485.337998046875,0,0,125607.72485351562
313,2024-10-04,1386.5250244140625,1381.7750244140625,1417.3499755859375,1469.5574951171875,1483.1544995117188,0,0,125607.72485351562
314,2024-10-07,1370.7249755859375,1361.375,1396.5,1464.8524963378907,1480.7209985351562,0,0,125607.72485351562
315,2024-10-08,1397.3499755859375,1365.0999755859375,1401.0,1461.5974975585937,1478.4874975585938,0,0,125607.72485351562
316,2024-10-09,1374.5999755859375,1372.5,1400.9749755859375,1457.2512451171874,1475.5774975585937,0,0,125607.72485351562
317,2024-10-10,1371.050048828125,1369.425048828125,1386.0,1453.2287475585938,1472.735498046875,0,0,125607.72485351562
318,2024-10-11,1372.0999755859375,1368.824951171875,1383.2750244140625,1447.8437438964843,1470.0689965820313,0,0,125607.72485351562
319,2024-10-14,1372.5250244140625,1368.25,1380.074951171875,1442.8387451171875,1467.21349609375,0,0,125607.72485351562
320,2024-10-15,1344.0250244140625,1340.699951171875,1371.699951171875,1436.4724975585937,1464.1074975585936,0,0,125607.72485351562
321,2024-10-16,1354.074951171875,1337.625,1364.0,1430.5612426757812,1462.2424975585936,0,0,125607.72485351562
322,2024-10-17,1356.425048828125,1352.050048828125,1368.449951171875,1425.2099975585938,1460.2499975585938,0,0,125607.72485351562
323,2024-10-18,1359.300048828125,1341.324951171875,1368.425048828125,1419.6912475585937,1458.1394995117187,0,0,125607.72485351562
324,2024-10-21,1369.199951171875,1357.7249755859375,1374.0,1413.8549926757812,1456.5409985351562,0,0,125607.72485351562
325,2024-10-22,1343.3499755859375,1340.2249755859375,1376.0,1406.353741455078,1453.9219970703125,0,0,125607.72485351562
326,2024-10-23,1338.5250244140625,1335.0,1357.4749755859375,1398.8112426757812,1451.4799975585938,0,0,125607.72485351562
327,2024-10-24,1339.800048828125,1323.125,1343.699951171875,1391.1037475585938,1449.0034985351563,0,0,125607.72485351562
328,2024-10-25,1327.8499755859375,1322.0,1344.3499755859375,1382.5987487792968,1446.3234985351562,0,0,125607.72485351562
329,2024-10-28,1334.3499755859375,1322.0999755859375,1353.0,1373.0074951171875,1443.4464990234376,0,0,125607.72485351562
330,2024-10-29,1340.0,1320.300048828125,1343.199951171875,1366.1787475585938,1440.4784985351562,0,0,125607.72485351562
331,2024-10-30,1343.9000244140625,1325.3499755859375,1350.0,1360.132501220703,1437.4375,0,0,125607.72485351562
332,2024-10-31,1332.050048828125,1326.1500244140625,1343.0,1356.3862548828124,1434.105,0,0,125607.72485351562
333,2024-11-01,1338.6500244140625,1333.0,1341.949951171875,1353.9925048828125,1430.9155004882812,0,0,125607.72485351562
334,2024-11-04,1302.1500244140625,1285.0999755859375,1340.0,1350.5637573242188,1426.9590014648438,0,0,125607.72485351562
335,2024-11-05,1305.300048828125,1286.1500244140625,1309.550048828125,1345.9612609863282,1422.8130029296874,0,0,125607.72485351562
336,2024-11-06,1325.3499755859375,1300.199951171875,1328.300048828125,1343.498760986328,1419.3110034179688,0,0,125607.72485351562
337,2024-11-07,1305.6500244140625,1302.5999755859375,1324.0,1340.228759765625,1415.4580029296876,0,0,125607.72485351562
338,2024-11-08,1283.75,1275.0,1301.6500244140625,1335.811260986328,1410.714501953125,0,0,125607.72485351562
339,2024-11-11,1272.699951171875,1267.0,1286.0,1330.8200073242188,1405.9760009765625,0,0,125607.72485351562
340,2024-11-12,1274.25,1267.5,1289.300048828125,1327.3312561035157,1401.1360009765624,0,0,125607.72485351562
341,2024-11-13,1252.050048828125,1249.5,1275.449951171875,1322.2300109863281,1395.994501953125,0,0,125607.72485351562
342,2024-11-14,1267.5999755859375,1251.0999755859375,1272.5999755859375,1317.7887573242188,1391.0555004882813,0,0,125607.72485351562
343,2024-11-18,1260.75,1243.9000244140625,1272.9000244140625,1312.8612548828125,1386.4110009765625,0,0,125607.72485351562
344,2024-11-19,1241.6500244140625,1235.1500244140625,1281.5,1306.4837585449218,1381.9475024414062,0,0,125607.72485351562
345,2024-11-21,1223.0,1217.25,1243.949951171875,1300.466259765625,1377.1585034179689,0,0,125607.72485351562
346,2024-11-22,1265.4000244140625,1222.449951171875,1268.8499755859375,1296.810009765625,1373.2360034179687,0,0,125607.72485351562
347,2024-11-25,1287.0,1282.449951171875,1304.449951171875,1294.1700073242187,1369.9460034179688,0,0,125607.72485351562
348,2024-11-26,1295.699951171875,1284.199951171875,1297.8499755859375,1292.5625061035157,1366.2640014648437,0,0,125607.72485351562
349,2024-11-27,1293.199951171875,1286.0,1303.8499755859375,1290.5050048828125,1362.6755004882812,0,0,125607.72485351562
350,2024-11-28,1270.800048828125,1269.050048828125,1296.5999755859375,1287.0450073242187,1358.664501953125,0,0,125607.72485351562
351,2024-11-29,1292.199951171875,1275.25,1299.5,1284.4600036621093,1355.0625,0,0,125607.72485351562
352,2024-12-02,1309.1500244140625,1277.050048828125,1311.3499755859375,1283.3150024414062,1351.9765014648438,0,0,125607.72485351562
353,2024-12-03,1323.300048828125,1307.0,1326.800048828125,1282.5475036621094,1349.0490014648437,0,0,125607.72485351562
354,2024-12-04,1308.949951171875,1304.050048828125,1328.4000244140625,1282.8875,1345.5094995117188,0,0,125607.72485351562
355,2024-12-05,1322.050048828125,1306.1500244140625,1329.949951171875,1283.725,1342.0830004882812,0,0,125607.72485351562
356,2024-12-06,1311.550048828125,1310.0,1323.9000244140625,1283.0350036621094,1338.5265014648437,0,0,125607.72485351562
357,2024-12-09,1295.1500244140625,1293.0999755859375,1315.0,1282.5100036621093,1334.5505029296876,0,0,125607.72485351562
358,2024-12-10,1284.8499755859375,1280.199951171875,1294.9000244140625,1282.5650024414062,1330.2885034179687,0,0,125607.72485351562
359,2024-12-11,1278.199951171875,1276.050048828125,1290.0,1282.8400024414063,1325.3290014648437,0,0,125607.72485351562
360,2024-12-12,1262.9000244140625,1260.5999755859375,1278.199951171875,1282.2725036621093,1321.0555029296875,0,0,125607.72485351562
361,2024-12-13,1272.8499755859375,1239.5999755859375,1275.199951171875,1283.3125,1317.2160034179688,0,0,125607.72485351562
362,2024-12-16,1268.300048828125,1266.550048828125,1281.0,1283.3475036621094,1314.4425048828125,0,0,125607.72485351562
363,2024-12-17,1245.300048828125,1242.800048828125,1263.9000244140625,1282.5750061035155,1311.6180053710937,0,0,125607.72485351562
364,2024-12-18,1253.25,1240.6500244140625,1259.949951171875,1283.1550048828126,1309.268505859375,0,0,125607.72485351562
365,2024-12-19,1230.449951171875,1229.0,1244.9000244140625,1283.5275024414063,1305.9305053710937,0,0,125607.72485351562
366,2024-12-20,1205.300048828125,1201.5,1239.5,1280.5225036621093,1302.5445068359375,0,0,125607.72485351562
367,2024-12-23,1222.300048828125,1213.199951171875,1227.199951171875,1277.2875061035156,1299.5695068359375,0,0,125607.72485351562
368,2024-12-24,1222.75,1221.0,1233.550048828125,1273.6400085449218,1296.5825073242188,0,0,125607.72485351562
369,2024-12-26,1216.550048828125,1214.25,1227.699951171875,1269.8075134277344,1293.4630078125,0,0,125607.72485351562
370,2024-12-27,1221.050048828125,1217.0,1227.9000244140625,1267.3200134277345,1291.0035083007813,0,0,125607.72485351562
371,2024-12-30,1210.699951171875,1208.0999755859375,1223.199951171875,1263.2450134277344,1288.1360083007812,0,0,125607.72485351562
372,2024-12-31,1215.449951171875,1206.1500244140625,1219.0999755859375,1258.560009765625,1285.3165063476563,0,0,125607.72485351562
373,2025-01-01,1221.25,1211.5999755859375,1226.300048828125,1253.4575073242188,1282.5555053710937,0,0,125607.72485351562
374,2025-01-02,1241.800048828125,1220.0,1244.449951171875,1250.1000122070313,1280.0075073242188,0,0,125607.72485351562
375,2025-01-03,1251.1500244140625,1235.5,1262.050048828125,1246.5550109863282,1278.1635083007814,0,0,125607.72485351562
376,2025-01-06,1218.0,1215.0,1262.0,1241.877508544922,1275.7530078125,0,0,125607.72485351562
377,2025-01-07,1240.8499755859375,1221.25,1244.5,1239.1625061035156,1273.7740063476563,0,0,125607.72485351562
378,2025-01-08,1265.5,1245.3499755859375,1271.050048828125,1238.1950073242188,1272.5270068359375,0,0,125607.72485351562
379,2025-01-09,1254.75,1248.050048828125,1269.75,1237.022509765625,1270.9350073242188,0,0,125607.72485351562
380,2025-01-10,1241.9000244140625,1236.0,1256.75,1235.972509765625,1268.9730078125,0,0,125607.72485351562
381,2025-01-13,1239.8499755859375,1226.4000244140625,1245.25,1234.322509765625,1266.8920068359375,0,0,125607.72485351562
382,2025-01-14,1238.75,1227.25,1253.3499755859375,1232.8450073242188,1265.026005859375,0,0,125607.72485351562
383,2025-01-15,1252.199951171875,1241.8499755859375,1257.0,1233.1900024414062,1263.2970043945313,0,0,125607.72485351562
384,2025-01-16,1266.449951171875,1251.300048828125,1275.0,1233.85,1262.5830029296876,0,0,125607.72485351562
385,2025-01-17,1302.3499755859375,1285.0,1326.0,1237.445001220703,1262.5240014648436,0,0,125607.72485351562
386,2025-01-20,1305.449951171875,1300.25,1316.0,1242.4524963378906,1262.1260009765624,0,0,125607.72485351562
387,2025-01-21,1273.699951171875,1270.199951171875,1313.0,1245.0224914550781,1261.4869995117188,0,0,125607.72485351562
388,2025-01-22,1277.0999755859375,1268.699951171875,1282.9000244140625,1247.739990234375,1261.3539990234376,0,0,125607.72485351562
389,2025-01-23,1263.6500244140625,1261.5999755859375,1277.3499755859375,1250.094989013672,1261.1730004882813,0,0,125607.72485351562
390,2025-01-24,1246.300048828125,1243.5,1273.0,1251.357489013672,1260.6140014648438,0,0,125607.72485351562
391,2025-01-27,1229.3499755859375,1220.0,1240.449951171875,1252.289990234375,1260.16,0,0,125607.72485351562
392,2025-01-28,1234.4000244140625,1218.5,1244.75,1253.2374938964845,1259.4960009765625,0,0,125607.72485351562
393,2025-01-29,1235.5,1228.050048828125,1242.75,1253.9499938964843,1258.9910009765624,0,0,125607.72485351562
394,2025-01-30,1253.050048828125,1232.4000244140625,1257.0,1254.5124938964843,1259.2190014648438,0,0,125607.72485351562
395,2025-01-31,1265.0999755859375,1249.0,1267.0,1255.2099914550781,1260.0610009765626,0,0,125607.72485351562
396,2025-02-01,1264.5999755859375,1241.0,1270.550048828125,1257.539990234375,1260.045,0,0,125607.72485351562
397,2025-02-03,1245.9000244140625,1237.550048828125,1256.0,1257.7924926757812,1259.2230004882813,0,0,125607.72485351562
398,2025-02-04,1285.199951171875,1246.5999755859375,1288.800048828125,1258.777490234375,1259.0130004882812,0,0,125607.72485351562
399,2025-02-05,1278.199951171875,1276.699951171875,1290.5,1259.9499877929688,1258.7130004882813,1,0,125607.72485351562
400,2025-02-06,1281.550048828125,1270.3499755859375,1288.0,1261.9324890136718,1258.9280004882812,0,0,125936.03442382812
401,2025-02-07,1266.699951171875,1262.0,1283.699951171875,1263.2749877929687,1258.4180004882812,0,0,124480.72485351562
402,2025-02-10,1253.6500244140625,1245.550048828125,1266.5,1264.0199890136719,1257.3080004882813,0,0,123201.83203125
403,2025-02-11,1234.8499755859375,1230.0999755859375,1264.550048828125,1263.152490234375,1255.5389990234376,0,0,121359.42724609375
404,2025-02-12,1216.550048828125,1193.3499755859375,1226.9000244140625,1260.6574951171874,1253.6910009765625,0,0,119566.03442382812
405,2025-02-13,1216.0999755859375,1212.0,1228.0,1256.3449951171874,1251.5719995117188,0,0,119521.92724609375
406,2025-02-14,1217.25,1205.449951171875,1224.0,1251.9349975585938,1249.6859985351562,0,0,119634.62963867188
407,2025-02-17,1224.9000244140625,1204.5,1227.5,1249.4950012207032,1248.2809985351562,0,0,120384.33203125
408,2025-02-18,1225.4000244140625,1216.0999755859375,1229.9000244140625,1246.9100036621094,1247.0919995117188,0,1,120433.33203125
409,2025-02-19,1227.449951171875,1217.550048828125,1232.75,1245.1,1246.0769995117187,0,0,120874.33203125
410,2025-02-20,1233.0,1222.0,1239.3499755859375,1244.4349975585938,1245.4789990234376,0,0,120874.33203125
411,2025-02-21,1228.1500244140625,1222.1500244140625,1240.0,1244.375,1244.585,0,0,120874.33203125
412,2025-02-24,1214.550048828125,1210.5,1223.25,1243.382501220703,1243.51,0,0,120874.33203125
413,2025-02-25,1204.0,1201.5,1221.0,1241.8075012207032,1242.6839990234375,0,0,120874.33203125
414,2025-02-27,1207.0999755859375,1200.6500244140625,1215.0,1239.5099975585938,1241.7609985351562,0,0,120874.33203125
415,2025-02-28,1200.0999755859375,1193.300048828125,1217.3499755859375,1236.2599975585938,1241.1539990234376,0,0,120874.33203125
416,2025-03-03,1171.25,1156.0,1206.449951171875,1231.5924987792969,1240.472998046875,0,0,120874.33203125
417,2025-03-04,1161.9000244140625,1159.550048828125,1174.0,1227.3924987792968,1239.2649975585937,0,0,120874.33203125
418,2025-03-05,1175.5999755859375,1157.0,1183.0,1221.9125,1238.3219970703126,0,0,120874.33203125
419,2025-03-06,1209.5999755859375,1185.1500244140625,1213.949951171875,1218.4825012207032,1238.1829956054687,0,0,120874.33203125
420,2025-03-07,1249.800048828125,1212.0,1254.800048828125,1216.895001220703,1238.7579956054688,0,0,120874.33203125
421,2025-03-10,1238.4000244140625,1235.4000244140625,1258.0,1215.4800048828124,1239.3119970703126,0,0,120874.33203125
422,2025-03-11,1247.300048828125,1229.75,1249.5,1215.1625061035156,1239.9489990234374,0,0,120874.33203125
423,2025-03-12,1257.050048828125,1244.0,1263.0,1216.272509765625,1240.665,0,0,120874.33203125
424,2025-03-13,1247.9000244140625,1243.8499755859375,1264.1500244140625,1217.8400085449218,1240.7869995117187,0,0,120874.33203125
425,2025-03-17,1238.8499755859375,1233.0999755859375,1257.4000244140625,1218.9775085449219,1240.5409985351562,0,0,120874.33203125
426,2025-03-18,1238.8499755859375,1238.8499755859375,1238.8499755859375,1220.0575073242187,1240.957998046875,0,0,120874.33203125
427,2025-03-19,1247.1500244140625,1238.800048828125,1253.25,1221.1700073242187,1241.0839990234374,0,0,120874.33203125
428,2025-03-20,1269.1500244140625,1250.050048828125,1273.0,1223.3575073242187,1241.1569995117188,0,0,120874.33203125
429,2025-03-21,1276.3499755859375,1270.0999755859375,1281.0,1225.802508544922,1241.5889990234375,0,0,120874.33203125
430,2025-03-24,1302.0999755859375,1284.25,1306.0,1229.2575073242188,1242.792998046875,0,0,120874.33203125
431,2025-03-25,1285.449951171875,1282.5999755859375,1307.699951171875,1232.1225036621095,1243.7049975585937,0,0,120874.33203125
432,2025-03-26,1273.050048828125,1268.75,1293.800048828125,1235.0475036621094,1244.3909985351563,0,0,120874.33203125
433,2025-03-27,1278.199951171875,1271.300048828125,1285.0,1238.757501220703,1244.9109985351563,0,0,120874.33203125
434,2025-03-28,1275.0999755859375,1269.0,1295.75,1242.1575012207031,1245.0839990234374,0,0,120874.33203125
435,2025-04-01,1252.5999755859375,1249.300048828125,1277.9000244140625,1244.7825012207031,1244.0889990234375,1,0,120874.33203125
436,2025-04-02,1251.1500244140625,1243.9000244140625,1255.550048828125,1248.7775024414063,1243.0030004882813,0,0,120735.13671875
437,2025-04-03,1248.699951171875,1233.050048828125,1251.800048828125,1253.117498779297,1242.5030004882813,0,0,120499.9296875
438,2025-04-04,1204.699951171875,1193.1500244140625,1245.449951171875,1254.5724975585938,1241.055,0,0,116275.9296875
439,2025-04-07,1165.699951171875,1114.8499755859375,1171.25,1252.3774963378905,1239.0959985351562,0,0,112531.9296875
440,2025-04-08,1182.199951171875,1163.300048828125,1196.5999755859375,1248.997491455078,1237.8139965820312,0,0,114115.9296875
441,2025-04-09,1185.3499755859375,1168.0,1189.800048828125,1246.344989013672,1236.9339965820313,0,0,114418.33203125
442,2025-04-11,1218.949951171875,1195.1500244140625,1222.6500244140625,1244.9274841308593,1236.6249951171876,0,0,117643.9296875
443,2025-04-15,1240.0999755859375,1237.0999755859375,1251.0,1244.07998046875,1236.7169946289061,0,0,119674.33203125
444,2025-04-16,1239.300048828125,1229.0,1240.9000244140625,1243.6499816894532,1236.4419946289063,0,0,119597.5390625
445,2025-04-17,1274.5,1227.5999755859375,1280.199951171875,1245.4324829101563,1236.6299951171875,0,0,122976.734375
446,2025-04-21,1295.5,1267.0,1300.9000244140625,1248.2649841308594,1237.2479956054688,0,0,124992.734375
447,2025-04-22,1291.199951171875,1286.300048828125,1303.9000244140625,1250.46748046875,1238.153994140625,0,0,124579.9296875
448,2025-04-23,1300.0,1285.4000244140625,1306.0,1252.0099792480469,1238.4499951171874,0,0,125424.734375
449,2025-04-24,1301.5999755859375,1290.300048828125,1304.5,1253.272479248047,1238.9179956054688,0,0,125578.33203125
450,2025-04-25,1300.4000244140625,1288.0999755859375,1325.199951171875,1253.187481689453,1239.2949951171875,0,0,125463.13671875
451,2025-04-28,1368.800048828125,1320.199951171875,1374.5999755859375,1257.3549865722657,1241.3369970703125,0,0,132029.5390625
452,2025-04-29,1399.699951171875,1370.0,1410.9000244140625,1263.687481689453,1244.2579956054688,0,0,134995.9296875
453,2025-04-30,1405.0,1369.0,1412.4000244140625,1270.0274841308594,1247.66099609375,0,0,135504.734375
454,2025-05-02,1419.800048828125,1409.0999755859375,1426.699951171875,1277.2624877929688,1251.72599609375,0,0,136925.5390625
455,2025-05-05,1431.300048828125,1426.9000244140625,1439.5,1286.197491455078,1256.0299975585938,0,0,138029.5390625
456,2025-05-06,1420.9000244140625,1410.5999755859375,1432.0,1294.684991455078,1260.102998046875,0,0,137031.13671875
457,2025-05-07,1406.0,1402.699951171875,1424.4000244140625,1302.5499938964845,1263.7249975585937,0,0,135600.734375
458,2025-05-08,1407.0,1398.0,1420.800048828125,1312.6649963378907,1267.3569970703124,0,0,135696.734375
459,2025-05-09,1377.199951171875,1374.5,1394.800048828125,1323.2399963378907,1270.3519970703126,0,0,132835.9296875
460,2025-05-12,1436.5,1400.0,1439.0,1335.9549987792968,1274.4219970703125,0,0,138528.734375
461,2025-05-13,1415.699951171875,1412.4000244140625,1447.699951171875,1347.4724975585937,1278.1729956054687,0,0,136531.9296875
462,2025-05-14,1424.4000244140625,1415.5,1429.9000244140625,1357.7450012207032,1282.3699951171875,0,0,137367.13671875
463,2025-05-15,1454.199951171875,1412.699951171875,1461.4000244140625,1368.45,1287.373994140625,0,0,140227.9296875
464,2025-05-16,1456.4000244140625,1447.300048828125,1461.0,1379.304998779297,1292.3599951171875,0,0,140439.13671875
465,2025-05-19,1440.800048828125,1438.199951171875,1454.5999755859375,1387.6200012207032,1297.1739965820314,0,0,138941.5390625
466,2025-05-20,1424.5999755859375,1421.800048828125,1445.0,1394.075,1302.24099609375,0,0,137386.33203125
467,2025-05-21,1429.199951171875,1418.0999755859375,1436.199951171875,1400.975,1307.5869946289063,0,0,137827.9296875
468,2025-05-22,1409.4000244140625,1396.9000244140625,1423.800048828125,1406.445001220703,1312.2629956054689,0,0,135927.13671875
469,2025-05-23,1426.800048828125,1406.5999755859375,1433.800048828125,1412.7050048828125,1316.6069970703124,0,0,137597.5390625
470,2025-05-26,1434.800048828125,1425.0999755859375,1441.0,1419.4250061035157,1320.3069970703125,0,0,138365.5390625
471,2025-05-27,1422.0999755859375,1413.9000244140625,1437.0,1422.0900024414063,1323.98099609375,0,0,137146.33203125
472,2025-05-28,1412.9000244140625,1410.699951171875,1422.5999755859375,1422.7500061035157,1327.2929956054688,0,0,136263.13671875
473,2025-05-29,1417.800048828125,1408.5999755859375,1420.0,1423.3900085449218,1330.5079956054688,0,0,136733.5390625
474,2025-05-30,1420.9000244140625,1409.699951171875,1430.5999755859375,1423.4450073242188,1333.9679956054688,0,0,137031.13671875
475,2025-06-02,1413.699951171875,1395.5999755859375,1417.5,1422.5650024414062,1337.4649951171875,0,0,136339.9296875
476,2025-06-03,1405.5,1403.4000244140625,1426.5,1421.7950012207032,1340.7979956054687,0,0,135552.734375
477,2025-06-04,1423.5,1406.0999755859375,1425.699951171875,1422.6700012207032,1344.3249951171874,0,0,137280.734375
478,2025-06-05,1442.4000244140625,1423.5999755859375,1454.699951171875,1424.4400024414062,1347.7899951171876,0,0,139095.13671875
479,2025-06-06,1443.5,1437.0,1451.5,1427.7550048828125,1351.1329956054688,0,0,139200.734375
480,2025-06-09,1448.800048828125,1445.300048828125,1457.5,1428.3700073242187,1354.0669970703125,0,0,139709.5390625
481,2025-06-10,1438.5,1436.0,1453.9000244140625,1429.510009765625,1357.127998046875,0,0,138720.734375
482,2025-06-11,1448.9000244140625,1443.0999755859375,1468.5999755859375,1430.735009765625,1360.6449975585938,0,0,139719.13671875
483,2025-06-12,1441.5999755859375,1434.4000244140625,1457.0,1430.1050109863281,1363.912998046875,0,0,139018.33203125
484,2025-06-13,1427.9000244140625,1414.300048828125,1435.5,1428.6800109863282,1366.9689990234374,0,0,137703.13671875
485,2025-06-16,1437.800048828125,1424.4000244140625,1442.4000244140625,1428.530010986328,1370.6730004882813,0,0,138653.5390625
486,2025-06-17,1431.199951171875,1425.800048828125,1448.0,1428.860009765625,1374.2739990234375,0,0,138019.9296875
487,2025-06-18,1430.0999755859375,1425.699951171875,1442.800048828125,1428.905010986328,1377.9019995117187,0,0,137914.33203125
488,2025-06-19,1433.300048828125,1425.699951171875,1439.9000244140625,1430.1000122070313,1382.4740014648437,0,0,138221.5390625
489,2025-06-20,1466.199951171875,1428.0999755859375,1471.0,1432.0700073242188,1388.4840014648437,0,0,141379.9296875
490,2025-06-23,1456.800048828125,1442.0,1463.800048828125,1433.1700073242187,1393.9760034179687,0,0,140477.5390625
491,2025-06-24,1450.800048828125,1443.0999755859375,1475.0,1434.6050109863281,1399.2850048828125,0,0,139901.5390625
492,2025-06-25,1467.300048828125,1460.5,1472.4000244140625,1437.3250122070312,1404.2520068359374,0,0,141485.5390625
493,2025-06-26,1495.300048828125,1465.0999755859375,1498.800048828125,1441.2000122070312,1409.3560083007812,0,0,144173.5390625
494,2025-06-27,1515.4000244140625,1496.9000244140625,1522.0,1445.9250122070312,1414.8780078125,0,0,146103.13671875
